{"ongoing_trials": {}, "hyperparameters": {"space": [{"class_name": "Int", "config": {"name": "input_units", "default": null, "conditions": [], "min_value": 32, "max_value": 256, "step": 32, "sampling": null}}, {"class_name": "Choice", "config": {"name": "activation", "default": "relu", "conditions": [], "values": ["relu", "LeakyReLU", "tanh", "softplus", "softsign"], "ordered": false}}, {"class_name": "Int", "config": {"name": "n_layers", "default": null, "conditions": [], "min_value": 1, "max_value": 4, "step": 1, "sampling": null}}, {"class_name": "Int", "config": {"name": "conv_0_units", "default": null, "conditions": [], "min_value": 32, "max_value": 256, "step": 32, "sampling": null}}, {"class_name": "Float", "config": {"name": "lr", "default": 0.0001, "conditions": [], "min_value": 0.0001, "max_value": 0.01, "step": null, "sampling": "log"}}, {"class_name": "Int", "config": {"name": "conv_1_units", "default": null, "conditions": [], "min_value": 32, "max_value": 256, "step": 32, "sampling": null}}, {"class_name": "Int", "config": {"name": "conv_2_units", "default": null, "conditions": [], "min_value": 32, "max_value": 256, "step": 32, "sampling": null}}], "values": {"input_units": 32, "activation": "relu", "n_layers": 1, "conv_0_units": 32, "lr": 0.0001, "conv_1_units": 32, "conv_2_units": 32}}, "seed": 5497, "seed_state": 5516, "tried_so_far": ["c39f8979bab7a1d52ca92e77c24adbac", "2333806dd68daf53e047add49284efa9", "c5e50a3393fb6c9c441599e36c935096"]}