{"trial_id": "63b42d89f5f61664f26093aaed9179ec", "hyperparameters": {"space": [{"class_name": "Int", "config": {"name": "input_units", "default": null, "conditions": [], "min_value": 32, "max_value": 256, "step": 32, "sampling": null}}, {"class_name": "Choice", "config": {"name": "activation", "default": "relu", "conditions": [], "values": ["relu", "LeakyReLU", "tanh", "softplus", "softsign"], "ordered": false}}, {"class_name": "Int", "config": {"name": "n_layers", "default": null, "conditions": [], "min_value": 1, "max_value": 4, "step": 1, "sampling": null}}, {"class_name": "Int", "config": {"name": "conv_0_units", "default": null, "conditions": [], "min_value": 32, "max_value": 256, "step": 32, "sampling": null}}, {"class_name": "Float", "config": {"name": "lr", "default": 0.0001, "conditions": [], "min_value": 0.0001, "max_value": 0.01, "step": null, "sampling": "log"}}, {"class_name": "Int", "config": {"name": "conv_1_units", "default": null, "conditions": [], "min_value": 32, "max_value": 256, "step": 32, "sampling": null}}, {"class_name": "Int", "config": {"name": "conv_2_units", "default": null, "conditions": [], "min_value": 32, "max_value": 256, "step": 32, "sampling": null}}], "values": {"input_units": 96, "activation": "LeakyReLU", "n_layers": 1, "conv_0_units": 128, "lr": 0.00012848373778229555, "conv_1_units": 224, "conv_2_units": 192}}, "metrics": {"metrics": {"loss": {"direction": "min", "observations": [{"value": [0.8837763667106628], "step": 0}]}, "accuracy": {"direction": "max", "observations": [{"value": [0.9115666747093201], "step": 0}]}, "val_loss": {"direction": "min", "observations": [{"value": [0.45898592472076416], "step": 0}]}, "val_accuracy": {"direction": "max", "observations": [{"value": [0.8896999955177307], "step": 0}]}}}, "score": 0.8896999955177307, "best_step": 0, "status": "COMPLETED"}