{"trial_id": "783c238075d20b8f87f2469f6309172e", "hyperparameters": {"space": [{"class_name": "Int", "config": {"name": "input_units", "default": null, "conditions": [], "min_value": 32, "max_value": 256, "step": 32, "sampling": null}}, {"class_name": "Choice", "config": {"name": "activation", "default": "relu", "conditions": [], "values": ["relu", "LeakyReLU", "tanh", "softplus", "softsign"], "ordered": false}}, {"class_name": "Int", "config": {"name": "n_layers", "default": null, "conditions": [], "min_value": 1, "max_value": 4, "step": 1, "sampling": null}}, {"class_name": "Int", "config": {"name": "conv_0_units", "default": null, "conditions": [], "min_value": 32, "max_value": 256, "step": 32, "sampling": null}}, {"class_name": "Float", "config": {"name": "lr", "default": 0.0001, "conditions": [], "min_value": 0.0001, "max_value": 0.01, "step": null, "sampling": "log"}}, {"class_name": "Int", "config": {"name": "conv_1_units", "default": null, "conditions": [], "min_value": 32, "max_value": 256, "step": 32, "sampling": null}}, {"class_name": "Int", "config": {"name": "conv_2_units", "default": null, "conditions": [], "min_value": 32, "max_value": 256, "step": 32, "sampling": null}}], "values": {"input_units": 160, "activation": "softsign", "n_layers": 3, "conv_0_units": 64, "lr": 0.00042971886667723735, "conv_1_units": 32, "conv_2_units": 32}}, "metrics": {"metrics": {"loss": {"direction": "min", "observations": [{"value": [0.5166097283363342], "step": 0}]}, "accuracy": {"direction": "max", "observations": [{"value": [0.8976500034332275], "step": 0}]}, "val_loss": {"direction": "min", "observations": [{"value": [0.40815356373786926], "step": 0}]}, "val_accuracy": {"direction": "max", "observations": [{"value": [0.8970999717712402], "step": 0}]}}}, "score": 0.8970999717712402, "best_step": 0, "status": "COMPLETED"}