{"trial_id": "718ea1a950578b877512d0fa1ae790c9", "hyperparameters": {"space": [{"class_name": "Int", "config": {"name": "input_units", "default": null, "conditions": [], "min_value": 32, "max_value": 256, "step": 32, "sampling": null}}, {"class_name": "Choice", "config": {"name": "activation", "default": "relu", "conditions": [], "values": ["relu", "LeakyReLU", "tanh", "softplus", "softsign"], "ordered": false}}, {"class_name": "Int", "config": {"name": "n_layers", "default": null, "conditions": [], "min_value": 1, "max_value": 4, "step": 1, "sampling": null}}, {"class_name": "Int", "config": {"name": "conv_0_units", "default": null, "conditions": [], "min_value": 32, "max_value": 256, "step": 32, "sampling": null}}, {"class_name": "Float", "config": {"name": "lr", "default": 0.0001, "conditions": [], "min_value": 0.0001, "max_value": 0.01, "step": null, "sampling": "log"}}, {"class_name": "Int", "config": {"name": "conv_1_units", "default": null, "conditions": [], "min_value": 32, "max_value": 256, "step": 32, "sampling": null}}, {"class_name": "Int", "config": {"name": "conv_2_units", "default": null, "conditions": [], "min_value": 32, "max_value": 256, "step": 32, "sampling": null}}], "values": {"input_units": 128, "activation": "tanh", "n_layers": 1, "conv_0_units": 128, "lr": 0.00048078854019110225, "conv_1_units": 128, "conv_2_units": 96}}, "metrics": {"metrics": {"loss": {"direction": "min", "observations": [{"value": [0.4097636342048645], "step": 0}]}, "accuracy": {"direction": "max", "observations": [{"value": [0.9026333093643188], "step": 0}]}, "val_loss": {"direction": "min", "observations": [{"value": [0.4077925682067871], "step": 0}]}, "val_accuracy": {"direction": "max", "observations": [{"value": [0.8902000188827515], "step": 0}]}}}, "score": 0.8902000188827515, "best_step": 0, "status": "COMPLETED"}